"OBJECTID","ID_0","ISO","NAME_0","ID_1","NAME_1","ID_2","NAME_2","ID_3","NAME_3","TYPE_3","ENGTYPE_3","NL_NAME_3","VARNAME_3"
1,160,"NZL","New Zealand",1,"Auckland",1,"Auckland",1,"n.a. ( 36)","Unknown","Unknown",NA,NA
2,160,"NZL","New Zealand",1,"Auckland",1,"Auckland",2,"n.a. ( 49)","Unknown","Unknown",NA,NA
3,160,"NZL","New Zealand",1,"Auckland",2,"Franklin",3,"n.a. ( 100)","Unknown","Unknown",NA,NA
4,160,"NZL","New Zealand",1,"Auckland",2,"Franklin",4,"n.a. ( 106)","Unknown","Unknown",NA,NA
5,160,"NZL","New Zealand",1,"Auckland",2,"Franklin",5,"n.a. ( 86)","Unknown","Unknown",NA,NA
6,160,"NZL","New Zealand",1,"Auckland",2,"Franklin",6,"n.a. ( 88)","Unknown","Unknown",NA,NA
7,160,"NZL","New Zealand",1,"Auckland",2,"Franklin",7,"n.a. ( 89)","Unknown","Unknown",NA,NA
8,160,"NZL","New Zealand",1,"Auckland",2,"Franklin",8,"n.a. ( 91)","Unknown","Unknown",NA,NA
9,160,"NZL","New Zealand",1,"Auckland",2,"Franklin",9,"n.a. ( 92)","Unknown","Unknown",NA,NA
10,160,"NZL","New Zealand",1,"Auckland",2,"Franklin",10,"n.a. ( 93)","Unknown","Unknown",NA,NA
11,160,"NZL","New Zealand",1,"Auckland",2,"Franklin",11,"n.a. ( 94)","Unknown","Unknown",NA,NA
12,160,"NZL","New Zealand",1,"Auckland",2,"Franklin",12,"n.a. ( 95)","Unknown","Unknown",NA,NA
13,160,"NZL","New Zealand",1,"Auckland",2,"Franklin",13,"n.a. ( 97)","Unknown","Unknown",NA,NA
14,160,"NZL","New Zealand",1,"Auckland",3,"Manukau",14,"n.a. ( 66)","Unknown","Unknown",NA,NA
15,160,"NZL","New Zealand",1,"Auckland",3,"Manukau",15,"n.a. ( 73)","Unknown","Unknown",NA,NA
16,160,"NZL","New Zealand",1,"Auckland",3,"Manukau",16,"n.a. ( 74)","Unknown","Unknown",NA,NA
17,160,"NZL","New Zealand",1,"Auckland",3,"Manukau",17,"n.a. ( 78)","Unknown","Unknown",NA,NA
18,160,"NZL","New Zealand",1,"Auckland",3,"Manukau",18,"n.a. ( 82)","Unknown","Unknown",NA,NA
19,160,"NZL","New Zealand",1,"Auckland",3,"Manukau",19,"n.a. ( 84)","Unknown","Unknown",NA,NA
20,160,"NZL","New Zealand",1,"Auckland",3,"Manukau",20,"n.a. ( 85)","Unknown","Unknown",NA,NA
21,160,"NZL","New Zealand",1,"Auckland",4,"Rodney",21,"n.a. ( 31)","Unknown","Unknown",NA,NA
22,160,"NZL","New Zealand",1,"Auckland",4,"Rodney",22,"n.a. ( 32)","Unknown","Unknown",NA,NA
23,160,"NZL","New Zealand",1,"Auckland",4,"Rodney",23,"n.a. ( 33)","Unknown","Unknown",NA,NA
24,160,"NZL","New Zealand",1,"Auckland",4,"Rodney",24,"n.a. ( 34)","Unknown","Unknown",NA,NA
25,160,"NZL","New Zealand",1,"Auckland",4,"Rodney",25,"n.a. ( 35)","Unknown","Unknown",NA,NA
26,160,"NZL","New Zealand",1,"Auckland",4,"Rodney",26,"n.a. ( 37)","Unknown","Unknown",NA,NA
27,160,"NZL","New Zealand",1,"Auckland",4,"Rodney",27,"n.a. ( 38)","Unknown","Unknown",NA,NA
28,160,"NZL","New Zealand",1,"Auckland",4,"Rodney",28,"n.a. ( 39)","Unknown","Unknown",NA,NA
29,160,"NZL","New Zealand",1,"Auckland",4,"Rodney",29,"n.a. ( 40)","Unknown","Unknown",NA,NA
30,160,"NZL","New Zealand",1,"Auckland",4,"Rodney",30,"n.a. ( 41)","Unknown","Unknown",NA,NA
31,160,"NZL","New Zealand",1,"Auckland",4,"Rodney",31,"n.a. ( 42)","Unknown","Unknown",NA,NA
32,160,"NZL","New Zealand",1,"Auckland",4,"Rodney",32,"n.a. ( 43)","Unknown","Unknown",NA,NA
33,160,"NZL","New Zealand",1,"Auckland",4,"Rodney",33,"n.a. ( 44)","Unknown","Unknown",NA,NA
34,160,"NZL","New Zealand",1,"Auckland",4,"Rodney",34,"n.a. ( 45)","Unknown","Unknown",NA,NA
35,160,"NZL","New Zealand",1,"Auckland",4,"Rodney",35,"n.a. ( 48)","Unknown","Unknown",NA,NA
36,160,"NZL","New Zealand",1,"Auckland",4,"Rodney",36,"n.a. ( 65)","Unknown","Unknown",NA,NA
37,160,"NZL","New Zealand",1,"Auckland",4,"Rodney",37,"n.a. ( 79)","Unknown","Unknown",NA,NA
38,160,"NZL","New Zealand",1,"Auckland",5,"Waitakere",38,"n.a. ( 47)","Unknown","Unknown",NA,NA
39,160,"NZL","New Zealand",1,"Auckland",5,"Waitakere",39,"n.a. ( 50)","Unknown","Unknown",NA,NA
40,160,"NZL","New Zealand",1,"Auckland",5,"Waitakere",40,"n.a. ( 53)","Unknown","Unknown",NA,NA
41,160,"NZL","New Zealand",1,"Auckland",5,"Waitakere",41,"n.a. ( 54)","Unknown","Unknown",NA,NA
42,160,"NZL","New Zealand",1,"Auckland",5,"Waitakere",42,"n.a. ( 55)","Unknown","Unknown",NA,NA
43,160,"NZL","New Zealand",1,"Auckland",5,"Waitakere",43,"n.a. ( 56)","Unknown","Unknown",NA,NA
44,160,"NZL","New Zealand",1,"Auckland",5,"Waitakere",44,"n.a. ( 57)","Unknown","Unknown",NA,NA
45,160,"NZL","New Zealand",1,"Auckland",5,"Waitakere",45,"n.a. ( 58)","Unknown","Unknown",NA,NA
46,160,"NZL","New Zealand",1,"Auckland",5,"Waitakere",46,"n.a. ( 59)","Unknown","Unknown",NA,NA
47,160,"NZL","New Zealand",1,"Auckland",5,"Waitakere",47,"n.a. ( 60)","Unknown","Unknown",NA,NA
48,160,"NZL","New Zealand",1,"Auckland",5,"Waitakere",48,"n.a. ( 61)","Unknown","Unknown",NA,NA
49,160,"NZL","New Zealand",1,"Auckland",5,"Waitakere",49,"n.a. ( 62)","Unknown","Unknown",NA,NA
50,160,"NZL","New Zealand",1,"Auckland",5,"Waitakere",50,"n.a. ( 63)","Unknown","Unknown",NA,NA
51,160,"NZL","New Zealand",1,"Auckland",5,"Waitakere",51,"n.a. ( 64)","Unknown","Unknown",NA,NA
52,160,"NZL","New Zealand",1,"Auckland",5,"Waitakere",52,"n.a. ( 67)","Unknown","Unknown",NA,NA
53,160,"NZL","New Zealand",1,"Auckland",5,"Waitakere",53,"n.a. ( 68)","Unknown","Unknown",NA,NA
54,160,"NZL","New Zealand",1,"Auckland",5,"Waitakere",54,"n.a. ( 69)","Unknown","Unknown",NA,NA
55,160,"NZL","New Zealand",1,"Auckland",5,"Waitakere",55,"n.a. ( 70)","Unknown","Unknown",NA,NA
56,160,"NZL","New Zealand",1,"Auckland",5,"Waitakere",56,"n.a. ( 72)","Unknown","Unknown",NA,NA
57,160,"NZL","New Zealand",1,"Auckland",5,"Waitakere",57,"n.a. ( 75)","Unknown","Unknown",NA,NA
58,160,"NZL","New Zealand",1,"Auckland",5,"Waitakere",58,"n.a. ( 76)","Unknown","Unknown",NA,NA
59,160,"NZL","New Zealand",1,"Auckland",5,"Waitakere",59,"n.a. ( 77)","Unknown","Unknown",NA,NA
60,160,"NZL","New Zealand",2,"Bay of Plenty",6,"Opotiki",60,"n.a. ( 116)","Unknown","Unknown",NA,NA
61,160,"NZL","New Zealand",2,"Bay of Plenty",6,"Opotiki",61,"n.a. ( 161)","Unknown","Unknown",NA,NA
62,160,"NZL","New Zealand",2,"Bay of Plenty",6,"Opotiki",62,"n.a. ( 169)","Unknown","Unknown",NA,NA
63,160,"NZL","New Zealand",2,"Bay of Plenty",7,"Rotorua",63,"n.a. ( 158)","Unknown","Unknown",NA,NA
64,160,"NZL","New Zealand",2,"Bay of Plenty",7,"Rotorua",64,"n.a. ( 181)","Unknown","Unknown",NA,NA
65,160,"NZL","New Zealand",2,"Bay of Plenty",8,"Taupo",65,"n.a. ( 197)","Unknown","Unknown",NA,NA
66,160,"NZL","New Zealand",2,"Bay of Plenty",9,"Western Bay of Plenty",66,"n.a. ( 103)","Unknown","Unknown",NA,NA
67,160,"NZL","New Zealand",2,"Bay of Plenty",9,"Western Bay of Plenty",67,"n.a. ( 110)","Unknown","Unknown",NA,NA
68,160,"NZL","New Zealand",2,"Bay of Plenty",9,"Western Bay of Plenty",68,"n.a. ( 111)","Unknown","Unknown",NA,NA
69,160,"NZL","New Zealand",2,"Bay of Plenty",9,"Western Bay of Plenty",69,"n.a. ( 112)","Unknown","Unknown",NA,NA
70,160,"NZL","New Zealand",2,"Bay of Plenty",9,"Western Bay of Plenty",70,"n.a. ( 118)","Unknown","Unknown",NA,NA
71,160,"NZL","New Zealand",2,"Bay of Plenty",9,"Western Bay of Plenty",71,"n.a. ( 119)","Unknown","Unknown",NA,NA
72,160,"NZL","New Zealand",2,"Bay of Plenty",9,"Western Bay of Plenty",72,"n.a. ( 120)","Unknown","Unknown",NA,NA
73,160,"NZL","New Zealand",2,"Bay of Plenty",9,"Western Bay of Plenty",73,"n.a. ( 122)","Unknown","Unknown",NA,NA
74,160,"NZL","New Zealand",2,"Bay of Plenty",9,"Western Bay of Plenty",74,"n.a. ( 123)","Unknown","Unknown",NA,NA
75,160,"NZL","New Zealand",2,"Bay of Plenty",9,"Western Bay of Plenty",75,"n.a. ( 125)","Unknown","Unknown",NA,NA
76,160,"NZL","New Zealand",2,"Bay of Plenty",9,"Western Bay of Plenty",76,"n.a. ( 126)","Unknown","Unknown",NA,NA
77,160,"NZL","New Zealand",2,"Bay of Plenty",9,"Western Bay of Plenty",77,"n.a. ( 127)","Unknown","Unknown",NA,NA
78,160,"NZL","New Zealand",2,"Bay of Plenty",9,"Western Bay of Plenty",78,"n.a. ( 128)","Unknown","Unknown",NA,NA
79,160,"NZL","New Zealand",2,"Bay of Plenty",9,"Western Bay of Plenty",79,"n.a. ( 130)","Unknown","Unknown",NA,NA
80,160,"NZL","New Zealand",2,"Bay of Plenty",9,"Western Bay of Plenty",80,"n.a. ( 131)","Unknown","Unknown",NA,NA
81,160,"NZL","New Zealand",2,"Bay of Plenty",9,"Western Bay of Plenty",81,"n.a. ( 134)","Unknown","Unknown",NA,NA
82,160,"NZL","New Zealand",2,"Bay of Plenty",9,"Western Bay of Plenty",82,"n.a. ( 137)","Unknown","Unknown",NA,NA
83,160,"NZL","New Zealand",2,"Bay of Plenty",9,"Western Bay of Plenty",83,"n.a. ( 140)","Unknown","Unknown",NA,NA
84,160,"NZL","New Zealand",2,"Bay of Plenty",9,"Western Bay of Plenty",84,"n.a. ( 144)","Unknown","Unknown",NA,NA
85,160,"NZL","New Zealand",2,"Bay of Plenty",10,"Whakatane",85,"n.a. ( 113)","Unknown","Unknown",NA,NA
86,160,"NZL","New Zealand",2,"Bay of Plenty",10,"Whakatane",86,"n.a. ( 151)","Unknown","Unknown",NA,NA
87,160,"NZL","New Zealand",2,"Bay of Plenty",10,"Whakatane",87,"n.a. ( 152)","Unknown","Unknown",NA,NA
88,160,"NZL","New Zealand",2,"Bay of Plenty",10,"Whakatane",88,"n.a. ( 155)","Unknown","Unknown",NA,NA
89,160,"NZL","New Zealand",2,"Bay of Plenty",10,"Whakatane",89,"n.a. ( 156)","Unknown","Unknown",NA,NA
90,160,"NZL","New Zealand",2,"Bay of Plenty",10,"Whakatane",90,"n.a. ( 163)","Unknown","Unknown",NA,NA
91,160,"NZL","New Zealand",2,"Bay of Plenty",10,"Whakatane",91,"n.a. ( 164)","Unknown","Unknown",NA,NA
92,160,"NZL","New Zealand",2,"Bay of Plenty",10,"Whakatane",92,"n.a. ( 167)","Unknown","Unknown",NA,NA
93,160,"NZL","New Zealand",2,"Bay of Plenty",10,"Whakatane",93,"n.a. ( 171)","Unknown","Unknown",NA,NA
94,160,"NZL","New Zealand",2,"Bay of Plenty",10,"Whakatane",94,"n.a. ( 173)","Unknown","Unknown",NA,NA
95,160,"NZL","New Zealand",2,"Bay of Plenty",10,"Whakatane",95,"n.a. ( 174)","Unknown","Unknown",NA,NA
96,160,"NZL","New Zealand",2,"Bay of Plenty",10,"Whakatane",96,"n.a. ( 178)","Unknown","Unknown",NA,NA
97,160,"NZL","New Zealand",2,"Bay of Plenty",10,"Whakatane",97,"n.a. ( 186)","Unknown","Unknown",NA,NA
98,160,"NZL","New Zealand",2,"Bay of Plenty",10,"Whakatane",98,"n.a. ( 196)","Unknown","Unknown",NA,NA
99,160,"NZL","New Zealand",3,"Canterbury",11,"Ashburton",99,"n.a. ( 338)","Unknown","Unknown",NA,NA
100,160,"NZL","New Zealand",3,"Canterbury",11,"Ashburton",100,"n.a. ( 366)","Unknown","Unknown",NA,NA
101,160,"NZL","New Zealand",3,"Canterbury",12,"Bounty Islands",101,"n.a. ( 479)","Unknown","Unknown",NA,NA
102,160,"NZL","New Zealand",3,"Canterbury",13,"Christchurch",102,"n.a. ( 342)","Unknown","Unknown",NA,NA
103,160,"NZL","New Zealand",3,"Canterbury",13,"Christchurch",103,"n.a. ( 345)","Unknown","Unknown",NA,NA
104,160,"NZL","New Zealand",3,"Canterbury",13,"Christchurch",104,"n.a. ( 346)","Unknown","Unknown",NA,NA
105,160,"NZL","New Zealand",3,"Canterbury",13,"Christchurch",105,"n.a. ( 349)","Unknown","Unknown",NA,NA
106,160,"NZL","New Zealand",3,"Canterbury",13,"Christchurch",106,"n.a. ( 351)","Unknown","Unknown",NA,NA
107,160,"NZL","New Zealand",3,"Canterbury",13,"Christchurch",107,"n.a. ( 352)","Unknown","Unknown",NA,NA
108,160,"NZL","New Zealand",3,"Canterbury",13,"Christchurch",108,"n.a. ( 353)","Unknown","Unknown",NA,NA
109,160,"NZL","New Zealand",3,"Canterbury",13,"Christchurch",109,"n.a. ( 354)","Unknown","Unknown",NA,NA
110,160,"NZL","New Zealand",3,"Canterbury",13,"Christchurch",110,"n.a. ( 355)","Unknown","Unknown",NA,NA
111,160,"NZL","New Zealand",3,"Canterbury",13,"Christchurch",111,"n.a. ( 356)","Unknown","Unknown",NA,NA
112,160,"NZL","New Zealand",3,"Canterbury",13,"Christchurch",112,"n.a. ( 357)","Unknown","Unknown",NA,NA
113,160,"NZL","New Zealand",3,"Canterbury",13,"Christchurch",113,"n.a. ( 359)","Unknown","Unknown",NA,NA
114,160,"NZL","New Zealand",3,"Canterbury",13,"Christchurch",114,"n.a. ( 364)","Unknown","Unknown",NA,NA
115,160,"NZL","New Zealand",3,"Canterbury",13,"Christchurch",115,"n.a. ( 365)","Unknown","Unknown",NA,NA
116,160,"NZL","New Zealand",3,"Canterbury",13,"Christchurch",116,"n.a. ( 367)","Unknown","Unknown",NA,NA
117,160,"NZL","New Zealand",3,"Canterbury",14,"Hurunui",117,"n.a. ( 323)","Unknown","Unknown",NA,NA
118,160,"NZL","New Zealand",3,"Canterbury",14,"Hurunui",118,"n.a. ( 324)","Unknown","Unknown",NA,NA
119,160,"NZL","New Zealand",3,"Canterbury",14,"Hurunui",119,"n.a. ( 329)","Unknown","Unknown",NA,NA
120,160,"NZL","New Zealand",3,"Canterbury",14,"Hurunui",120,"n.a. ( 331)","Unknown","Unknown",NA,NA
121,160,"NZL","New Zealand",3,"Canterbury",14,"Hurunui",121,"n.a. ( 336)","Unknown","Unknown",NA,NA
122,160,"NZL","New Zealand",3,"Canterbury",14,"Hurunui",122,"n.a. ( 337)","Unknown","Unknown",NA,NA
123,160,"NZL","New Zealand",3,"Canterbury",15,"Kaikoura",123,"n.a. ( 327)","Unknown","Unknown",NA,NA
124,160,"NZL","New Zealand",3,"Canterbury",16,"Mackenzie",124,"n.a. ( 344)","Unknown","Unknown",NA,NA
125,160,"NZL","New Zealand",3,"Canterbury",16,"Mackenzie",125,"n.a. ( 350)","Unknown","Unknown",NA,NA
126,160,"NZL","New Zealand",3,"Canterbury",16,"Mackenzie",126,"n.a. ( 368)","Unknown","Unknown",NA,NA
127,160,"NZL","New Zealand",3,"Canterbury",16,"Mackenzie",127,"n.a. ( 374)","Unknown","Unknown",NA,NA
128,160,"NZL","New Zealand",3,"Canterbury",17,"Selwyn",128,"n.a. ( 333)","Unknown","Unknown",NA,NA
129,160,"NZL","New Zealand",3,"Canterbury",17,"Selwyn",129,"n.a. ( 343)","Unknown","Unknown",NA,NA
130,160,"NZL","New Zealand",3,"Canterbury",17,"Selwyn",130,"n.a. ( 348)","Unknown","Unknown",NA,NA
131,160,"NZL","New Zealand",3,"Canterbury",17,"Selwyn",131,"n.a. ( 358)","Unknown","Unknown",NA,NA
132,160,"NZL","New Zealand",3,"Canterbury",17,"Selwyn",132,"n.a. ( 360)","Unknown","Unknown",NA,NA
133,160,"NZL","New Zealand",3,"Canterbury",17,"Selwyn",133,"n.a. ( 363)","Unknown","Unknown",NA,NA
134,160,"NZL","New Zealand",3,"Canterbury",17,"Selwyn",134,"n.a. ( 370)","Unknown","Unknown",NA,NA
135,160,"NZL","New Zealand",3,"Canterbury",18,"Timaru",135,"n.a. ( 347)","Unknown","Unknown",NA,NA
136,160,"NZL","New Zealand",3,"Canterbury",18,"Timaru",136,"n.a. ( 372)","Unknown","Unknown",NA,NA
137,160,"NZL","New Zealand",3,"Canterbury",18,"Timaru",137,"n.a. ( 373)","Unknown","Unknown",NA,NA
138,160,"NZL","New Zealand",3,"Canterbury",18,"Timaru",138,"n.a. ( 378)","Unknown","Unknown",NA,NA
139,160,"NZL","New Zealand",3,"Canterbury",19,"Waimakariri",139,"n.a. ( 334)","Unknown","Unknown",NA,NA
140,160,"NZL","New Zealand",3,"Canterbury",19,"Waimakariri",140,"n.a. ( 335)","Unknown","Unknown",NA,NA
141,160,"NZL","New Zealand",3,"Canterbury",19,"Waimakariri",141,"n.a. ( 340)","Unknown","Unknown",NA,NA
142,160,"NZL","New Zealand",3,"Canterbury",19,"Waimakariri",142,"n.a. ( 341)","Unknown","Unknown",NA,NA
143,160,"NZL","New Zealand",3,"Canterbury",20,"Waimate",143,"n.a. ( 376)","Unknown","Unknown",NA,NA
144,160,"NZL","New Zealand",3,"Canterbury",20,"Waimate",144,"n.a. ( 377)","Unknown","Unknown",NA,NA
145,160,"NZL","New Zealand",3,"Canterbury",20,"Waimate",145,"n.a. ( 381)","Unknown","Unknown",NA,NA
146,160,"NZL","New Zealand",3,"Canterbury",20,"Waimate",146,"n.a. ( 382)","Unknown","Unknown",NA,NA
147,160,"NZL","New Zealand",3,"Canterbury",20,"Waimate",147,"n.a. ( 384)","Unknown","Unknown",NA,NA
148,160,"NZL","New Zealand",3,"Canterbury",21,"Waitaki",148,"n.a. ( 369)","Unknown","Unknown",NA,NA
149,160,"NZL","New Zealand",4,"Chatham Islands",22,"Waitangi",149,"n.a. ( 361)","Unknown","Unknown",NA,NA
150,160,"NZL","New Zealand",4,"Chatham Islands",22,"Waitangi",150,"n.a. ( 362)","Unknown","Unknown",NA,NA
151,160,"NZL","New Zealand",4,"Chatham Islands",22,"Waitangi",151,"n.a. ( 375)","Unknown","Unknown",NA,NA
152,160,"NZL","New Zealand",5,"Gisborne",23,"Gisborne",152,"n.a. ( 115)","Unknown","Unknown",NA,NA
153,160,"NZL","New Zealand",5,"Gisborne",23,"Gisborne",153,"n.a. ( 136)","Unknown","Unknown",NA,NA
154,160,"NZL","New Zealand",5,"Gisborne",23,"Gisborne",154,"n.a. ( 159)","Unknown","Unknown",NA,NA
155,160,"NZL","New Zealand",5,"Gisborne",23,"Gisborne",155,"n.a. ( 170)","Unknown","Unknown",NA,NA
156,160,"NZL","New Zealand",5,"Gisborne",23,"Gisborne",156,"n.a. ( 180)","Unknown","Unknown",NA,NA
157,160,"NZL","New Zealand",5,"Gisborne",23,"Gisborne",157,"n.a. ( 187)","Unknown","Unknown",NA,NA
158,160,"NZL","New Zealand",5,"Gisborne",23,"Gisborne",158,"n.a. ( 198)","Unknown","Unknown",NA,NA
159,160,"NZL","New Zealand",5,"Gisborne",23,"Gisborne",159,"n.a. ( 200)","Unknown","Unknown",NA,NA
160,160,"NZL","New Zealand",5,"Gisborne",23,"Gisborne",160,"n.a. ( 204)","Unknown","Unknown",NA,NA
161,160,"NZL","New Zealand",5,"Gisborne",23,"Gisborne",161,"n.a. ( 207)","Unknown","Unknown",NA,NA
162,160,"NZL","New Zealand",5,"Gisborne",23,"Gisborne",162,"n.a. ( 209)","Unknown","Unknown",NA,NA
163,160,"NZL","New Zealand",5,"Gisborne",23,"Gisborne",163,"n.a. ( 211)","Unknown","Unknown",NA,NA
164,160,"NZL","New Zealand",5,"Gisborne",23,"Gisborne",164,"n.a. ( 212)","Unknown","Unknown",NA,NA
165,160,"NZL","New Zealand",5,"Gisborne",24,"Otorohanga",165,"n.a. ( 191)","Unknown","Unknown",NA,NA
166,160,"NZL","New Zealand",5,"Gisborne",24,"Otorohanga",166,"n.a. ( 192)","Unknown","Unknown",NA,NA
167,160,"NZL","New Zealand",5,"Gisborne",24,"Otorohanga",167,"n.a. ( 193)","Unknown","Unknown",NA,NA
168,160,"NZL","New Zealand",5,"Gisborne",24,"Otorohanga",168,"n.a. ( 195)","Unknown","Unknown",NA,NA
169,160,"NZL","New Zealand",5,"Gisborne",24,"Otorohanga",169,"n.a. ( 201)","Unknown","Unknown",NA,NA
170,160,"NZL","New Zealand",5,"Gisborne",24,"Otorohanga",170,"n.a. ( 205)","Unknown","Unknown",NA,NA
171,160,"NZL","New Zealand",6,"Hawke's Bay",25,"Central Hawke's Bay",171,"n.a. ( 250)","Unknown","Unknown",NA,NA
172,160,"NZL","New Zealand",6,"Hawke's Bay",25,"Central Hawke's Bay",172,"n.a. ( 254)","Unknown","Unknown",NA,NA
173,160,"NZL","New Zealand",6,"Hawke's Bay",25,"Central Hawke's Bay",173,"n.a. ( 257)","Unknown","Unknown",NA,NA
174,160,"NZL","New Zealand",6,"Hawke's Bay",25,"Central Hawke's Bay",174,"n.a. ( 260)","Unknown","Unknown",NA,NA
175,160,"NZL","New Zealand",6,"Hawke's Bay",25,"Central Hawke's Bay",175,"n.a. ( 271)","Unknown","Unknown",NA,NA
176,160,"NZL","New Zealand",6,"Hawke's Bay",26,"Hastings city",176,"n.a. ( 244)","Unknown","Unknown",NA,NA
177,160,"NZL","New Zealand",6,"Hawke's Bay",26,"Hastings city",177,"n.a. ( 245)","Unknown","Unknown",NA,NA
178,160,"NZL","New Zealand",6,"Hawke's Bay",26,"Hastings city",178,"n.a. ( 247)","Unknown","Unknown",NA,NA
179,160,"NZL","New Zealand",6,"Hawke's Bay",26,"Hastings city",179,"n.a. ( 248)","Unknown","Unknown",NA,NA
180,160,"NZL","New Zealand",6,"Hawke's Bay",26,"Hastings city",180,"n.a. ( 249)","Unknown","Unknown",NA,NA
181,160,"NZL","New Zealand",6,"Hawke's Bay",27,"Hastings",181,"n.a. ( 216)","Unknown","Unknown",NA,NA
182,160,"NZL","New Zealand",6,"Hawke's Bay",27,"Hastings",182,"n.a. ( 226)","Unknown","Unknown",NA,NA
183,160,"NZL","New Zealand",6,"Hawke's Bay",27,"Hastings",183,"n.a. ( 240)","Unknown","Unknown",NA,NA
184,160,"NZL","New Zealand",6,"Hawke's Bay",27,"Hastings",184,"n.a. ( 242)","Unknown","Unknown",NA,NA
185,160,"NZL","New Zealand",6,"Hawke's Bay",27,"Hastings",185,"n.a. ( 243)","Unknown","Unknown",NA,NA
186,160,"NZL","New Zealand",6,"Hawke's Bay",27,"Hastings",186,"n.a. ( 253)","Unknown","Unknown",NA,NA
187,160,"NZL","New Zealand",6,"Hawke's Bay",28,"Napier",187,"n.a. ( 237)","Unknown","Unknown",NA,NA
188,160,"NZL","New Zealand",6,"Hawke's Bay",29,"Wairoa",188,"n.a. ( 206)","Unknown","Unknown",NA,NA
189,160,"NZL","New Zealand",6,"Hawke's Bay",29,"Wairoa",189,"n.a. ( 214)","Unknown","Unknown",NA,NA
190,160,"NZL","New Zealand",6,"Hawke's Bay",29,"Wairoa",190,"n.a. ( 215)","Unknown","Unknown",NA,NA
191,160,"NZL","New Zealand",6,"Hawke's Bay",29,"Wairoa",191,"n.a. ( 217)","Unknown","Unknown",NA,NA
192,160,"NZL","New Zealand",6,"Hawke's Bay",29,"Wairoa",192,"n.a. ( 219)","Unknown","Unknown",NA,NA
193,160,"NZL","New Zealand",6,"Hawke's Bay",29,"Wairoa",193,"n.a. ( 222)","Unknown","Unknown",NA,NA
194,160,"NZL","New Zealand",6,"Hawke's Bay",29,"Wairoa",194,"n.a. ( 233)","Unknown","Unknown",NA,NA
195,160,"NZL","New Zealand",7,"Manawatu-Wanganui",30,"Horowhenua",195,"n.a. ( 270)","Unknown","Unknown",NA,NA
196,160,"NZL","New Zealand",7,"Manawatu-Wanganui",30,"Horowhenua",196,"n.a. ( 272)","Unknown","Unknown",NA,NA
197,160,"NZL","New Zealand",7,"Manawatu-Wanganui",30,"Horowhenua",197,"n.a. ( 274)","Unknown","Unknown",NA,NA
198,160,"NZL","New Zealand",7,"Manawatu-Wanganui",30,"Horowhenua",198,"n.a. ( 275)","Unknown","Unknown",NA,NA
199,160,"NZL","New Zealand",7,"Manawatu-Wanganui",31,"Manawatu",199,"n.a. ( 252)","Unknown","Unknown",NA,NA
200,160,"NZL","New Zealand",7,"Manawatu-Wanganui",31,"Manawatu",200,"n.a. ( 255)","Unknown","Unknown",NA,NA
201,160,"NZL","New Zealand",7,"Manawatu-Wanganui",31,"Manawatu",201,"n.a. ( 264)","Unknown","Unknown",NA,NA
202,160,"NZL","New Zealand",7,"Manawatu-Wanganui",31,"Manawatu",202,"n.a. ( 265)","Unknown","Unknown",NA,NA
203,160,"NZL","New Zealand",7,"Manawatu-Wanganui",31,"Manawatu",203,"n.a. ( 266)","Unknown","Unknown",NA,NA
204,160,"NZL","New Zealand",7,"Manawatu-Wanganui",32,"Palmerston North",204,"n.a. ( 268)","Unknown","Unknown",NA,NA
205,160,"NZL","New Zealand",7,"Manawatu-Wanganui",33,"Rangitikei",205,"n.a. ( 227)","Unknown","Unknown",NA,NA
206,160,"NZL","New Zealand",7,"Manawatu-Wanganui",33,"Rangitikei",206,"n.a. ( 251)","Unknown","Unknown",NA,NA
207,160,"NZL","New Zealand",7,"Manawatu-Wanganui",33,"Rangitikei",207,"n.a. ( 258)","Unknown","Unknown",NA,NA
208,160,"NZL","New Zealand",7,"Manawatu-Wanganui",33,"Rangitikei",208,"n.a. ( 259)","Unknown","Unknown",NA,NA
209,160,"NZL","New Zealand",7,"Manawatu-Wanganui",34,"Ruapehu",209,"n.a. ( 202)","Unknown","Unknown",NA,NA
210,160,"NZL","New Zealand",7,"Manawatu-Wanganui",34,"Ruapehu",210,"n.a. ( 213)","Unknown","Unknown",NA,NA
211,160,"NZL","New Zealand",7,"Manawatu-Wanganui",34,"Ruapehu",211,"n.a. ( 220)","Unknown","Unknown",NA,NA
212,160,"NZL","New Zealand",7,"Manawatu-Wanganui",34,"Ruapehu",212,"n.a. ( 228)","Unknown","Unknown",NA,NA
213,160,"NZL","New Zealand",7,"Manawatu-Wanganui",34,"Ruapehu",213,"n.a. ( 232)","Unknown","Unknown",NA,NA
214,160,"NZL","New Zealand",7,"Manawatu-Wanganui",35,"Tararua",214,"n.a. ( 261)","Unknown","Unknown",NA,NA
215,160,"NZL","New Zealand",7,"Manawatu-Wanganui",35,"Tararua",215,"n.a. ( 262)","Unknown","Unknown",NA,NA
216,160,"NZL","New Zealand",7,"Manawatu-Wanganui",35,"Tararua",216,"n.a. ( 263)","Unknown","Unknown",NA,NA
217,160,"NZL","New Zealand",7,"Manawatu-Wanganui",35,"Tararua",217,"n.a. ( 267)","Unknown","Unknown",NA,NA
218,160,"NZL","New Zealand",7,"Manawatu-Wanganui",35,"Tararua",218,"n.a. ( 269)","Unknown","Unknown",NA,NA
219,160,"NZL","New Zealand",7,"Manawatu-Wanganui",35,"Tararua",219,"n.a. ( 273)","Unknown","Unknown",NA,NA
220,160,"NZL","New Zealand",7,"Manawatu-Wanganui",36,"Wanganui",220,"n.a. ( 231)","Unknown","Unknown",NA,NA
221,160,"NZL","New Zealand",7,"Manawatu-Wanganui",36,"Wanganui",221,"n.a. ( 256)","Unknown","Unknown",NA,NA
222,160,"NZL","New Zealand",8,"Marlborough",37,"Marlborough",222,"n.a. ( 283)","Unknown","Unknown",NA,NA
223,160,"NZL","New Zealand",8,"Marlborough",37,"Marlborough",223,"n.a. ( 297)","Unknown","Unknown",NA,NA
224,160,"NZL","New Zealand",8,"Marlborough",37,"Marlborough",224,"n.a. ( 317)","Unknown","Unknown",NA,NA
225,160,"NZL","New Zealand",8,"Marlborough",37,"Marlborough",225,"n.a. ( 318)","Unknown","Unknown",NA,NA
226,160,"NZL","New Zealand",8,"Marlborough",37,"Marlborough",226,"n.a. ( 319)","Unknown","Unknown",NA,NA
227,160,"NZL","New Zealand",9,"Nelson",38,"Nelson",227,"n.a. ( 314)","Unknown","Unknown",NA,NA
228,160,"NZL","New Zealand",9,"Nelson",39,"Tasman",228,"n.a. ( 279)","Unknown","Unknown",NA,NA
229,160,"NZL","New Zealand",9,"Nelson",39,"Tasman",229,"n.a. ( 300)","Unknown","Unknown",NA,NA
230,160,"NZL","New Zealand",9,"Nelson",39,"Tasman",230,"n.a. ( 309)","Unknown","Unknown",NA,NA
231,160,"NZL","New Zealand",9,"Nelson",39,"Tasman",231,"n.a. ( 310)","Unknown","Unknown",NA,NA
232,160,"NZL","New Zealand",9,"Nelson",39,"Tasman",232,"n.a. ( 312)","Unknown","Unknown",NA,NA
233,160,"NZL","New Zealand",9,"Nelson",39,"Tasman",233,"n.a. ( 316)","Unknown","Unknown",NA,NA
234,160,"NZL","New Zealand",10,"Northland",40,"Far North",234,"n.a. ( 1)","Unknown","Unknown",NA,NA
235,160,"NZL","New Zealand",10,"Northland",40,"Far North",235,"n.a. ( 10)","Unknown","Unknown",NA,NA
236,160,"NZL","New Zealand",10,"Northland",40,"Far North",236,"n.a. ( 11)","Unknown","Unknown",NA,NA
237,160,"NZL","New Zealand",10,"Northland",40,"Far North",237,"n.a. ( 12)","Unknown","Unknown",NA,NA
238,160,"NZL","New Zealand",10,"Northland",40,"Far North",238,"n.a. ( 13)","Unknown","Unknown",NA,NA
239,160,"NZL","New Zealand",10,"Northland",40,"Far North",239,"n.a. ( 19)","Unknown","Unknown",NA,NA
240,160,"NZL","New Zealand",10,"Northland",40,"Far North",240,"n.a. ( 2)","Unknown","Unknown",NA,NA
241,160,"NZL","New Zealand",10,"Northland",40,"Far North",241,"n.a. ( 3)","Unknown","Unknown",NA,NA
242,160,"NZL","New Zealand",10,"Northland",40,"Far North",242,"n.a. ( 4)","Unknown","Unknown",NA,NA
243,160,"NZL","New Zealand",10,"Northland",40,"Far North",243,"n.a. ( 5)","Unknown","Unknown",NA,NA
244,160,"NZL","New Zealand",10,"Northland",40,"Far North",244,"n.a. ( 6)","Unknown","Unknown",NA,NA
245,160,"NZL","New Zealand",10,"Northland",40,"Far North",245,"n.a. ( 7)","Unknown","Unknown",NA,NA
246,160,"NZL","New Zealand",10,"Northland",40,"Far North",246,"n.a. ( 8)","Unknown","Unknown",NA,NA
247,160,"NZL","New Zealand",10,"Northland",40,"Far North",247,"n.a. ( 9)","Unknown","Unknown",NA,NA
248,160,"NZL","New Zealand",10,"Northland",41,"Kaipara",248,"n.a. ( 17)","Unknown","Unknown",NA,NA
249,160,"NZL","New Zealand",10,"Northland",41,"Kaipara",249,"n.a. ( 21)","Unknown","Unknown",NA,NA
250,160,"NZL","New Zealand",10,"Northland",41,"Kaipara",250,"n.a. ( 27)","Unknown","Unknown",NA,NA
251,160,"NZL","New Zealand",10,"Northland",41,"Kaipara",251,"n.a. ( 28)","Unknown","Unknown",NA,NA
252,160,"NZL","New Zealand",10,"Northland",41,"Kaipara",252,"n.a. ( 30)","Unknown","Unknown",NA,NA
253,160,"NZL","New Zealand",10,"Northland",42,"Kermadec Islands",253,"n.a.(509)",NA,NA,NA,NA
254,160,"NZL","New Zealand",10,"Northland",43,"Whangarei",254,"n.a. ( 14)","Unknown","Unknown",NA,NA
255,160,"NZL","New Zealand",10,"Northland",43,"Whangarei",255,"n.a. ( 15)","Unknown","Unknown",NA,NA
256,160,"NZL","New Zealand",10,"Northland",43,"Whangarei",256,"n.a. ( 16)","Unknown","Unknown",NA,NA
257,160,"NZL","New Zealand",10,"Northland",43,"Whangarei",257,"n.a. ( 18)","Unknown","Unknown",NA,NA
258,160,"NZL","New Zealand",10,"Northland",43,"Whangarei",258,"n.a. ( 20)","Unknown","Unknown",NA,NA
259,160,"NZL","New Zealand",10,"Northland",43,"Whangarei",259,"n.a. ( 22)","Unknown","Unknown",NA,NA
260,160,"NZL","New Zealand",10,"Northland",43,"Whangarei",260,"n.a. ( 25)","Unknown","Unknown",NA,NA
261,160,"NZL","New Zealand",10,"Northland",43,"Whangarei",261,"n.a. ( 26)","Unknown","Unknown",NA,NA
262,160,"NZL","New Zealand",10,"Northland",43,"Whangarei",262,"n.a. ( 29)","Unknown","Unknown",NA,NA
263,160,"NZL","New Zealand",11,"Otago",44,"Antipodes Islands",263,"n.a. ( 481)","Unknown","Unknown",NA,NA
264,160,"NZL","New Zealand",11,"Otago",45,"Central Otago",264,"n.a. ( 380)","Unknown","Unknown",NA,NA
265,160,"NZL","New Zealand",11,"Otago",45,"Central Otago",265,"n.a. ( 383)","Unknown","Unknown",NA,NA
266,160,"NZL","New Zealand",11,"Otago",45,"Central Otago",266,"n.a. ( 398)","Unknown","Unknown",NA,NA
267,160,"NZL","New Zealand",11,"Otago",45,"Central Otago",267,"n.a. ( 405)","Unknown","Unknown",NA,NA
268,160,"NZL","New Zealand",11,"Otago",45,"Central Otago",268,"n.a. ( 412)","Unknown","Unknown",NA,NA
269,160,"NZL","New Zealand",11,"Otago",45,"Central Otago",269,"n.a. ( 418)","Unknown","Unknown",NA,NA
270,160,"NZL","New Zealand",11,"Otago",46,"Clutha",270,"n.a. ( 420)","Unknown","Unknown",NA,NA
271,160,"NZL","New Zealand",11,"Otago",46,"Clutha",271,"n.a. ( 428)","Unknown","Unknown",NA,NA
272,160,"NZL","New Zealand",11,"Otago",46,"Clutha",272,"n.a. ( 446)","Unknown","Unknown",NA,NA
273,160,"NZL","New Zealand",11,"Otago",46,"Clutha",273,"n.a. ( 448)","Unknown","Unknown",NA,NA
274,160,"NZL","New Zealand",11,"Otago",46,"Clutha",274,"n.a. ( 455)","Unknown","Unknown",NA,NA
275,160,"NZL","New Zealand",11,"Otago",46,"Clutha",275,"n.a. ( 459)","Unknown","Unknown",NA,NA
276,160,"NZL","New Zealand",11,"Otago",46,"Clutha",276,"n.a. ( 467)","Unknown","Unknown",NA,NA
277,160,"NZL","New Zealand",11,"Otago",47,"Dunedin",277,"n.a. ( 413)","Unknown","Unknown",NA,NA
278,160,"NZL","New Zealand",11,"Otago",47,"Dunedin",278,"n.a. ( 426)","Unknown","Unknown",NA,NA
279,160,"NZL","New Zealand",11,"Otago",47,"Dunedin",279,"n.a. ( 429)","Unknown","Unknown",NA,NA
280,160,"NZL","New Zealand",11,"Otago",47,"Dunedin",280,"n.a. ( 435)","Unknown","Unknown",NA,NA
281,160,"NZL","New Zealand",11,"Otago",47,"Dunedin",281,"n.a. ( 439)","Unknown","Unknown",NA,NA
282,160,"NZL","New Zealand",11,"Otago",47,"Dunedin",282,"n.a. ( 441)","Unknown","Unknown",NA,NA
283,160,"NZL","New Zealand",11,"Otago",47,"Dunedin",283,"n.a. ( 442)","Unknown","Unknown",NA,NA
284,160,"NZL","New Zealand",11,"Otago",47,"Dunedin",284,"n.a. ( 443)","Unknown","Unknown",NA,NA
285,160,"NZL","New Zealand",11,"Otago",47,"Dunedin",285,"n.a. ( 445)","Unknown","Unknown",NA,NA
286,160,"NZL","New Zealand",11,"Otago",47,"Dunedin",286,"n.a. ( 449)","Unknown","Unknown",NA,NA
287,160,"NZL","New Zealand",11,"Otago",48,"Queenstown-Lakes",287,"n.a. ( 371)","Unknown","Unknown",NA,NA
288,160,"NZL","New Zealand",11,"Otago",48,"Queenstown-Lakes",288,"n.a. ( 379)","Unknown","Unknown",NA,NA
289,160,"NZL","New Zealand",11,"Otago",48,"Queenstown-Lakes",289,"n.a. ( 408)","Unknown","Unknown",NA,NA
290,160,"NZL","New Zealand",11,"Otago",49,"Southland",290,"n.a. ( 415)","Unknown","Unknown",NA,NA
291,160,"NZL","New Zealand",11,"Otago",49,"Southland",291,"n.a. ( 430)","Unknown","Unknown",NA,NA
292,160,"NZL","New Zealand",11,"Otago",49,"Southland",292,"n.a. ( 431)","Unknown","Unknown",NA,NA
293,160,"NZL","New Zealand",11,"Otago",49,"Southland",293,"n.a. ( 437)","Unknown","Unknown",NA,NA
294,160,"NZL","New Zealand",11,"Otago",49,"Southland",294,"n.a. ( 438)","Unknown","Unknown",NA,NA
295,160,"NZL","New Zealand",11,"Otago",49,"Southland",295,"n.a. ( 440)","Unknown","Unknown",NA,NA
296,160,"NZL","New Zealand",11,"Otago",49,"Southland",296,"n.a. ( 444)","Unknown","Unknown",NA,NA
297,160,"NZL","New Zealand",11,"Otago",49,"Southland",297,"n.a. ( 447)","Unknown","Unknown",NA,NA
298,160,"NZL","New Zealand",11,"Otago",49,"Southland",298,"n.a. ( 450)","Unknown","Unknown",NA,NA
299,160,"NZL","New Zealand",11,"Otago",49,"Southland",299,"n.a. ( 451)","Unknown","Unknown",NA,NA
300,160,"NZL","New Zealand",11,"Otago",49,"Southland",300,"n.a. ( 452)","Unknown","Unknown",NA,NA
301,160,"NZL","New Zealand",11,"Otago",49,"Southland",301,"n.a. ( 453)","Unknown","Unknown",NA,NA
302,160,"NZL","New Zealand",11,"Otago",50,"Waitaki",302,"n.a. ( 387)","Unknown","Unknown",NA,NA
303,160,"NZL","New Zealand",11,"Otago",50,"Waitaki",303,"n.a. ( 407)","Unknown","Unknown",NA,NA
304,160,"NZL","New Zealand",11,"Otago",50,"Waitaki",304,"n.a. ( 410)","Unknown","Unknown",NA,NA
305,160,"NZL","New Zealand",12,"Southland",51,"Auckland islands",305,"n.a. ( 488)","Unknown","Unknown",NA,NA
306,160,"NZL","New Zealand",12,"Southland",52,"Campbell Islands",306,"n.a. ( 494)","Unknown","Unknown",NA,NA
307,160,"NZL","New Zealand",12,"Southland",53,"Gore",307,"n.a. ( 432)","Unknown","Unknown",NA,NA
308,160,"NZL","New Zealand",12,"Southland",53,"Gore",308,"n.a. ( 454)","Unknown","Unknown",NA,NA
309,160,"NZL","New Zealand",12,"Southland",53,"Gore",309,"n.a. ( 457)","Unknown","Unknown",NA,NA
310,160,"NZL","New Zealand",12,"Southland",53,"Gore",310,"n.a. ( 458)","Unknown","Unknown",NA,NA
311,160,"NZL","New Zealand",12,"Southland",54,"Invercargill",311,"n.a. ( 469)","Unknown","Unknown",NA,NA
312,160,"NZL","New Zealand",12,"Southland",55,"Southland",312,"n.a. ( 414)","Unknown","Unknown",NA,NA
313,160,"NZL","New Zealand",12,"Southland",55,"Southland",313,"n.a. ( 416)","Unknown","Unknown",NA,NA
314,160,"NZL","New Zealand",12,"Southland",55,"Southland",314,"n.a. ( 417)","Unknown","Unknown",NA,NA
315,160,"NZL","New Zealand",12,"Southland",55,"Southland",315,"n.a. ( 421)","Unknown","Unknown",NA,NA
316,160,"NZL","New Zealand",12,"Southland",55,"Southland",316,"n.a. ( 422)","Unknown","Unknown",NA,NA
317,160,"NZL","New Zealand",12,"Southland",55,"Southland",317,"n.a. ( 423)","Unknown","Unknown",NA,NA
318,160,"NZL","New Zealand",12,"Southland",55,"Southland",318,"n.a. ( 424)","Unknown","Unknown",NA,NA
319,160,"NZL","New Zealand",12,"Southland",55,"Southland",319,"n.a. ( 425)","Unknown","Unknown",NA,NA
320,160,"NZL","New Zealand",12,"Southland",55,"Southland",320,"n.a. ( 427)","Unknown","Unknown",NA,NA
321,160,"NZL","New Zealand",12,"Southland",55,"Southland",321,"n.a. ( 433)","Unknown","Unknown",NA,NA
322,160,"NZL","New Zealand",12,"Southland",55,"Southland",322,"n.a. ( 434)","Unknown","Unknown",NA,NA
323,160,"NZL","New Zealand",12,"Southland",55,"Southland",323,"n.a. ( 436)","Unknown","Unknown",NA,NA
324,160,"NZL","New Zealand",12,"Southland",55,"Southland",324,"n.a. ( 456)","Unknown","Unknown",NA,NA
325,160,"NZL","New Zealand",12,"Southland",55,"Southland",325,"n.a. ( 460)","Unknown","Unknown",NA,NA
326,160,"NZL","New Zealand",12,"Southland",55,"Southland",326,"n.a. ( 461)","Unknown","Unknown",NA,NA
327,160,"NZL","New Zealand",12,"Southland",55,"Southland",327,"n.a. ( 466)","Unknown","Unknown",NA,NA
328,160,"NZL","New Zealand",12,"Southland",55,"Southland",328,"n.a. ( 468)","Unknown","Unknown",NA,NA
329,160,"NZL","New Zealand",12,"Southland",55,"Southland",329,"n.a. ( 470)","Unknown","Unknown",NA,NA
330,160,"NZL","New Zealand",12,"Southland",55,"Southland",330,"n.a. ( 471)","Unknown","Unknown",NA,NA
331,160,"NZL","New Zealand",13,"Taranaki",56,"New Plymouth",331,"n.a. ( 210)","Unknown","Unknown",NA,NA
332,160,"NZL","New Zealand",13,"Taranaki",56,"New Plymouth",332,"n.a. ( 221)","Unknown","Unknown",NA,NA
333,160,"NZL","New Zealand",13,"Taranaki",56,"New Plymouth",333,"n.a. ( 223)","Unknown","Unknown",NA,NA
334,160,"NZL","New Zealand",13,"Taranaki",56,"New Plymouth",334,"n.a. ( 224)","Unknown","Unknown",NA,NA
335,160,"NZL","New Zealand",13,"Taranaki",56,"New Plymouth",335,"n.a. ( 225)","Unknown","Unknown",NA,NA
336,160,"NZL","New Zealand",13,"Taranaki",57,"South Taranaki",336,"n.a. ( 229)","Unknown","Unknown",NA,NA
337,160,"NZL","New Zealand",13,"Taranaki",57,"South Taranaki",337,"n.a. ( 235)","Unknown","Unknown",NA,NA
338,160,"NZL","New Zealand",13,"Taranaki",57,"South Taranaki",338,"n.a. ( 238)","Unknown","Unknown",NA,NA
339,160,"NZL","New Zealand",13,"Taranaki",57,"South Taranaki",339,"n.a. ( 239)","Unknown","Unknown",NA,NA
340,160,"NZL","New Zealand",13,"Taranaki",57,"South Taranaki",340,"n.a. ( 241)","Unknown","Unknown",NA,NA
341,160,"NZL","New Zealand",13,"Taranaki",57,"South Taranaki",341,"n.a. ( 246)","Unknown","Unknown",NA,NA
342,160,"NZL","New Zealand",13,"Taranaki",58,"Stratford",342,"n.a. ( 218)","Unknown","Unknown",NA,NA
343,160,"NZL","New Zealand",13,"Taranaki",58,"Stratford",343,"n.a. ( 230)","Unknown","Unknown",NA,NA
344,160,"NZL","New Zealand",13,"Taranaki",58,"Stratford",344,"n.a. ( 234)","Unknown","Unknown",NA,NA
345,160,"NZL","New Zealand",13,"Taranaki",58,"Stratford",345,"n.a. ( 236)","Unknown","Unknown",NA,NA
346,160,"NZL","New Zealand",14,"Waikato",59,"Franklin",346,"n.a. ( 101)","Unknown","Unknown",NA,NA
347,160,"NZL","New Zealand",14,"Waikato",59,"Franklin",347,"n.a. ( 87)","Unknown","Unknown",NA,NA
348,160,"NZL","New Zealand",14,"Waikato",60,"Hamilton",348,"n.a. ( 139)","Unknown","Unknown",NA,NA
349,160,"NZL","New Zealand",14,"Waikato",60,"Hamilton",349,"n.a. ( 141)","Unknown","Unknown",NA,NA
350,160,"NZL","New Zealand",14,"Waikato",60,"Hamilton",350,"n.a. ( 142)","Unknown","Unknown",NA,NA
351,160,"NZL","New Zealand",14,"Waikato",60,"Hamilton",351,"n.a. ( 146)","Unknown","Unknown",NA,NA
352,160,"NZL","New Zealand",14,"Waikato",60,"Hamilton",352,"n.a. ( 148)","Unknown","Unknown",NA,NA
353,160,"NZL","New Zealand",14,"Waikato",61,"Hauraki",353,"n.a. ( 102)","Unknown","Unknown",NA,NA
354,160,"NZL","New Zealand",14,"Waikato",61,"Hauraki",354,"n.a. ( 104)","Unknown","Unknown",NA,NA
355,160,"NZL","New Zealand",14,"Waikato",61,"Hauraki",355,"n.a. ( 98)","Unknown","Unknown",NA,NA
356,160,"NZL","New Zealand",14,"Waikato",62,"Matamata-Piako",356,"n.a. ( 108)","Unknown","Unknown",NA,NA
357,160,"NZL","New Zealand",14,"Waikato",62,"Matamata-Piako",357,"n.a. ( 109)","Unknown","Unknown",NA,NA
358,160,"NZL","New Zealand",14,"Waikato",62,"Matamata-Piako",358,"n.a. ( 132)","Unknown","Unknown",NA,NA
359,160,"NZL","New Zealand",14,"Waikato",63,"Otorohanga",359,"n.a. ( 160)","Unknown","Unknown",NA,NA
360,160,"NZL","New Zealand",14,"Waikato",63,"Otorohanga",360,"n.a. ( 168)","Unknown","Unknown",NA,NA
361,160,"NZL","New Zealand",14,"Waikato",63,"Otorohanga",361,"n.a. ( 175)","Unknown","Unknown",NA,NA
362,160,"NZL","New Zealand",14,"Waikato",63,"Otorohanga",362,"n.a. ( 177)","Unknown","Unknown",NA,NA
363,160,"NZL","New Zealand",14,"Waikato",63,"Otorohanga",363,"n.a. ( 179)","Unknown","Unknown",NA,NA
364,160,"NZL","New Zealand",14,"Waikato",63,"Otorohanga",364,"n.a. ( 185)","Unknown","Unknown",NA,NA
365,160,"NZL","New Zealand",14,"Waikato",64,"Rotorua",365,"n.a. ( 172)","Unknown","Unknown",NA,NA
366,160,"NZL","New Zealand",14,"Waikato",64,"Rotorua",366,"n.a. ( 182)","Unknown","Unknown",NA,NA
367,160,"NZL","New Zealand",14,"Waikato",65,"South Waikato",367,"n.a. ( 154)","Unknown","Unknown",NA,NA
368,160,"NZL","New Zealand",14,"Waikato",65,"South Waikato",368,"n.a. ( 162)","Unknown","Unknown",NA,NA
369,160,"NZL","New Zealand",14,"Waikato",65,"South Waikato",369,"n.a. ( 183)","Unknown","Unknown",NA,NA
370,160,"NZL","New Zealand",14,"Waikato",66,"Taupo",370,"n.a. ( 188)","Unknown","Unknown",NA,NA
371,160,"NZL","New Zealand",14,"Waikato",66,"Taupo",371,"n.a. ( 203)","Unknown","Unknown",NA,NA
372,160,"NZL","New Zealand",14,"Waikato",66,"Taupo",372,"n.a. ( 208)","Unknown","Unknown",NA,NA
373,160,"NZL","New Zealand",14,"Waikato",67,"Thames-Coromandel",373,"n.a. ( 46)","Unknown","Unknown",NA,NA
374,160,"NZL","New Zealand",14,"Waikato",67,"Thames-Coromandel",374,"n.a. ( 51)","Unknown","Unknown",NA,NA
375,160,"NZL","New Zealand",14,"Waikato",67,"Thames-Coromandel",375,"n.a. ( 52)","Unknown","Unknown",NA,NA
376,160,"NZL","New Zealand",14,"Waikato",67,"Thames-Coromandel",376,"n.a. ( 71)","Unknown","Unknown",NA,NA
377,160,"NZL","New Zealand",14,"Waikato",67,"Thames-Coromandel",377,"n.a. ( 80)","Unknown","Unknown",NA,NA
378,160,"NZL","New Zealand",14,"Waikato",67,"Thames-Coromandel",378,"n.a. ( 81)","Unknown","Unknown",NA,NA
379,160,"NZL","New Zealand",14,"Waikato",67,"Thames-Coromandel",379,"n.a. ( 83)","Unknown","Unknown",NA,NA
380,160,"NZL","New Zealand",14,"Waikato",67,"Thames-Coromandel",380,"n.a. ( 90)","Unknown","Unknown",NA,NA
381,160,"NZL","New Zealand",14,"Waikato",67,"Thames-Coromandel",381,"n.a. ( 96)","Unknown","Unknown",NA,NA
382,160,"NZL","New Zealand",14,"Waikato",68,"Waikato",382,"n.a. ( 105)","Unknown","Unknown",NA,NA
383,160,"NZL","New Zealand",14,"Waikato",68,"Waikato",383,"n.a. ( 107)","Unknown","Unknown",NA,NA
384,160,"NZL","New Zealand",14,"Waikato",68,"Waikato",384,"n.a. ( 114)","Unknown","Unknown",NA,NA
385,160,"NZL","New Zealand",14,"Waikato",68,"Waikato",385,"n.a. ( 117)","Unknown","Unknown",NA,NA
386,160,"NZL","New Zealand",14,"Waikato",68,"Waikato",386,"n.a. ( 121)","Unknown","Unknown",NA,NA
387,160,"NZL","New Zealand",14,"Waikato",68,"Waikato",387,"n.a. ( 124)","Unknown","Unknown",NA,NA
388,160,"NZL","New Zealand",14,"Waikato",68,"Waikato",388,"n.a. ( 129)","Unknown","Unknown",NA,NA
389,160,"NZL","New Zealand",14,"Waikato",68,"Waikato",389,"n.a. ( 133)","Unknown","Unknown",NA,NA
390,160,"NZL","New Zealand",14,"Waikato",68,"Waikato",390,"n.a. ( 135)","Unknown","Unknown",NA,NA
391,160,"NZL","New Zealand",14,"Waikato",68,"Waikato",391,"n.a. ( 143)","Unknown","Unknown",NA,NA
392,160,"NZL","New Zealand",14,"Waikato",68,"Waikato",392,"n.a. ( 147)","Unknown","Unknown",NA,NA
393,160,"NZL","New Zealand",14,"Waikato",68,"Waikato",393,"n.a. ( 149)","Unknown","Unknown",NA,NA
394,160,"NZL","New Zealand",14,"Waikato",68,"Waikato",394,"n.a. ( 99)","Unknown","Unknown",NA,NA
395,160,"NZL","New Zealand",14,"Waikato",69,"Waipa",395,"n.a. ( 145)","Unknown","Unknown",NA,NA
396,160,"NZL","New Zealand",14,"Waikato",69,"Waipa",396,"n.a. ( 150)","Unknown","Unknown",NA,NA
397,160,"NZL","New Zealand",14,"Waikato",69,"Waipa",397,"n.a. ( 153)","Unknown","Unknown",NA,NA
398,160,"NZL","New Zealand",14,"Waikato",69,"Waipa",398,"n.a. ( 157)","Unknown","Unknown",NA,NA
399,160,"NZL","New Zealand",14,"Waikato",69,"Waipa",399,"n.a. ( 165)","Unknown","Unknown",NA,NA
400,160,"NZL","New Zealand",14,"Waikato",69,"Waipa",400,"n.a. ( 166)","Unknown","Unknown",NA,NA
401,160,"NZL","New Zealand",14,"Waikato",70,"Waitomo",401,"n.a. ( 176)","Unknown","Unknown",NA,NA
402,160,"NZL","New Zealand",14,"Waikato",70,"Waitomo",402,"n.a. ( 184)","Unknown","Unknown",NA,NA
403,160,"NZL","New Zealand",14,"Waikato",70,"Waitomo",403,"n.a. ( 189)","Unknown","Unknown",NA,NA
404,160,"NZL","New Zealand",14,"Waikato",70,"Waitomo",404,"n.a. ( 190)","Unknown","Unknown",NA,NA
405,160,"NZL","New Zealand",14,"Waikato",70,"Waitomo",405,"n.a. ( 194)","Unknown","Unknown",NA,NA
406,160,"NZL","New Zealand",14,"Waikato",70,"Waitomo",406,"n.a. ( 199)","Unknown","Unknown",NA,NA
407,160,"NZL","New Zealand",15,"Wellington",71,"Carterton",407,"n.a. ( 277)","Unknown","Unknown",NA,NA
408,160,"NZL","New Zealand",15,"Wellington",71,"Carterton",408,"n.a. ( 289)","Unknown","Unknown",NA,NA
409,160,"NZL","New Zealand",15,"Wellington",71,"Carterton",409,"n.a. ( 290)","Unknown","Unknown",NA,NA
410,160,"NZL","New Zealand",15,"Wellington",71,"Carterton",410,"n.a. ( 292)","Unknown","Unknown",NA,NA
411,160,"NZL","New Zealand",15,"Wellington",72,"Hutt city",411,"n.a. ( 299)","Unknown","Unknown",NA,NA
412,160,"NZL","New Zealand",15,"Wellington",72,"Hutt city",412,"n.a. ( 304)","Unknown","Unknown",NA,NA
413,160,"NZL","New Zealand",15,"Wellington",72,"Hutt city",413,"n.a. ( 305)","Unknown","Unknown",NA,NA
414,160,"NZL","New Zealand",15,"Wellington",72,"Hutt city",414,"n.a. ( 306)","Unknown","Unknown",NA,NA
415,160,"NZL","New Zealand",15,"Wellington",72,"Hutt city",415,"n.a. ( 307)","Unknown","Unknown",NA,NA
416,160,"NZL","New Zealand",15,"Wellington",72,"Hutt city",416,"n.a. ( 313)","Unknown","Unknown",NA,NA
417,160,"NZL","New Zealand",15,"Wellington",73,"Kapiti Coast",417,"n.a. ( 276)","Unknown","Unknown",NA,NA
418,160,"NZL","New Zealand",15,"Wellington",73,"Kapiti Coast",418,"n.a. ( 280)","Unknown","Unknown",NA,NA
419,160,"NZL","New Zealand",15,"Wellington",73,"Kapiti Coast",419,"n.a. ( 281)","Unknown","Unknown",NA,NA
420,160,"NZL","New Zealand",15,"Wellington",73,"Kapiti Coast",420,"n.a. ( 282)","Unknown","Unknown",NA,NA
421,160,"NZL","New Zealand",15,"Wellington",73,"Kapiti Coast",421,"n.a. ( 284)","Unknown","Unknown",NA,NA
422,160,"NZL","New Zealand",15,"Wellington",74,"Masterton",422,"n.a. ( 285)","Unknown","Unknown",NA,NA
423,160,"NZL","New Zealand",15,"Wellington",74,"Masterton",423,"n.a. ( 287)","Unknown","Unknown",NA,NA
424,160,"NZL","New Zealand",15,"Wellington",75,"Porirua",424,"n.a. ( 291)","Unknown","Unknown",NA,NA
425,160,"NZL","New Zealand",15,"Wellington",75,"Porirua",425,"n.a. ( 293)","Unknown","Unknown",NA,NA
426,160,"NZL","New Zealand",15,"Wellington",75,"Porirua",426,"n.a. ( 295)","Unknown","Unknown",NA,NA
427,160,"NZL","New Zealand",15,"Wellington",75,"Porirua",427,"n.a. ( 296)","Unknown","Unknown",NA,NA
428,160,"NZL","New Zealand",15,"Wellington",75,"Porirua",428,"n.a. ( 298)","Unknown","Unknown",NA,NA
429,160,"NZL","New Zealand",15,"Wellington",75,"Porirua",429,"n.a. ( 303)","Unknown","Unknown",NA,NA
430,160,"NZL","New Zealand",15,"Wellington",76,"South Wairarapa",430,"n.a. ( 286)","Unknown","Unknown",NA,NA
431,160,"NZL","New Zealand",15,"Wellington",76,"South Wairarapa",431,"n.a. ( 294)","Unknown","Unknown",NA,NA
432,160,"NZL","New Zealand",15,"Wellington",76,"South Wairarapa",432,"n.a. ( 302)","Unknown","Unknown",NA,NA
433,160,"NZL","New Zealand",15,"Wellington",77,"Upper Hutt",433,"n.a. ( 288)","Unknown","Unknown",NA,NA
434,160,"NZL","New Zealand",15,"Wellington",78,"Wellington",434,"n.a. ( 301)","Unknown","Unknown",NA,NA
435,160,"NZL","New Zealand",15,"Wellington",78,"Wellington",435,"n.a. ( 308)","Unknown","Unknown",NA,NA
436,160,"NZL","New Zealand",15,"Wellington",78,"Wellington",436,"n.a. ( 311)","Unknown","Unknown",NA,NA
437,160,"NZL","New Zealand",15,"Wellington",78,"Wellington",437,"n.a. ( 315)","Unknown","Unknown",NA,NA
438,160,"NZL","New Zealand",16,"West Coast",79,"Buller",438,"n.a. ( 278)","Unknown","Unknown",NA,NA
439,160,"NZL","New Zealand",16,"West Coast",79,"Buller",439,"n.a. ( 320)","Unknown","Unknown",NA,NA
440,160,"NZL","New Zealand",16,"West Coast",79,"Buller",440,"n.a. ( 321)","Unknown","Unknown",NA,NA
441,160,"NZL","New Zealand",16,"West Coast",80,"Grey",441,"n.a. ( 322)","Unknown","Unknown",NA,NA
442,160,"NZL","New Zealand",16,"West Coast",80,"Grey",442,"n.a. ( 325)","Unknown","Unknown",NA,NA
443,160,"NZL","New Zealand",16,"West Coast",80,"Grey",443,"n.a. ( 326)","Unknown","Unknown",NA,NA
444,160,"NZL","New Zealand",16,"West Coast",80,"Grey",444,"n.a. ( 328)","Unknown","Unknown",NA,NA
445,160,"NZL","New Zealand",16,"West Coast",80,"Grey",445,"n.a. ( 332)","Unknown","Unknown",NA,NA
446,160,"NZL","New Zealand",16,"West Coast",81,"Westland",446,"n.a. ( 330)","Unknown","Unknown",NA,NA
447,160,"NZL","New Zealand",16,"West Coast",81,"Westland",447,"n.a. ( 332)","Unknown","Unknown",NA,NA
448,160,"NZL","New Zealand",16,"West Coast",81,"Westland",448,"n.a. ( 339)","Unknown","Unknown",NA,NA
